,prop,subevent,role,causation,AMR,MRR,H@1,H@3,H@5,H@10,exp_count,method,td,syntax
30,1.0,1.0,0.0,1.0,0.0343623143000412,0.3044893505080576,0.2194323144104803,0.3318777292576419,0.3973799126637554,0.4650655021834061,39,ILP,simple-triple+text+hr-triple,hyper_relational_rdf_star
40,0.0,1.0,0.0,1.0,0.0653146437547561,0.2535391203876059,0.1495633187772925,0.2882096069868995,0.3580786026200873,0.4334061135371179,48,ILP,simple-triple+text+hr-triple,hyper_relational_rdf_star
85,0.0,0.0,0.0,1.0,0.090256936861364,0.2323071537772437,0.136986301369863,0.2705479452054795,0.3082191780821918,0.4041095890410959,48,ILP,simple-triple+text+hr-triple,hyper_relational_rdf_star
143,1.0,0.0,0.0,1.0,0.0384746350294672,0.2634559446625291,0.1712328767123287,0.2876712328767123,0.3561643835616438,0.4383561643835616,39,ILP,simple-triple+text+hr-triple,hyper_relational_rdf_star
